target,horizon,mae_mw,n_errors,persistence_mae_mw,seasonal_naive_mae_mw,skill_vs_persistence,skill_vs_seasonal_naive
wind_onshore,1h,1341.5525,86,1192.3536,7950.7637,-0.1251,0.8313
wind_onshore,2-6h,2959.4266,430,3526.2093,7791.6829,0.1607,0.6202
wind_onshore,7-24h,3966.4913,1548,6779.3647,8045.042,0.4149,0.507
wind_onshore,25-48h,3782.6212,2064,9881.4018,10855.1129,0.6172,0.6515
wind_onshore,49-72h,4093.4889,2064,10634.019,10693.8989,0.6151,0.6172
wind_offshore,1h,316.2183,86,327.8963,1365.5124,0.0356,0.7684
wind_offshore,2-6h,591.9943,430,772.648,1410.6889,0.2338,0.5804
wind_offshore,7-24h,794.1038,1548,1355.9869,1436.6183,0.4144,0.4472
wind_offshore,25-48h,857.3403,2064,1416.6564,1483.4943,0.3948,0.4221
wind_offshore,49-72h,863.3341,2064,1490.0953,1547.4781,0.4206,0.4421
solar,1h,1055.5395,86,3009.0283,2651.3809,0.6492,0.6019
solar,2-6h,1325.9986,430,12031.3242,2695.4505,0.8898,0.5081
solar,7-24h,1358.5304,1548,17100.563,2679.5886,0.9206,0.493
solar,25-48h,1568.1483,2064,15554.8211,3100.2176,0.8992,0.4942
solar,49-72h,1617.7701,2064,15636.5138,2980.3791,0.8965,0.4572
