run_name,model,target,metric,value,start_time
Prophet_Base_wind_onshore,Prophet_Base,wind_onshore,R2,0.0912,2026-09-26 14:53:42.747000+00:00
Prophet_Base_wind_onshore,Prophet_Base,wind_onshore,RMSE,10571.3236,2026-09-26 14:53:42.747000+00:00
Prophet_Base_wind_onshore,Prophet_Base,wind_onshore,MAE,9801.2561,2026-09-26 14:53:42.747000+00:00
Prophet_Regressors_wind_onshore,Prophet_Regressors,wind_onshore,MAE,3208.843,2026-09-26 14:53:43.401000+00:00
Prophet_Regressors_wind_onshore,Prophet_Regressors,wind_onshore,RMSE,4125.0303,2026-09-26 14:53:43.401000+00:00
Prophet_Regressors_wind_onshore,Prophet_Regressors,wind_onshore,R2,0.8616,2026-09-26 14:53:43.401000+00:00
XGBoost_wind_onshore,XGBoost,wind_onshore,MAE,1020.6349,2026-09-26 14:53:44.030000+00:00
XGBoost_wind_onshore,XGBoost,wind_onshore,RMSE,1500.0844,2026-09-26 14:53:44.030000+00:00
XGBoost_wind_onshore,XGBoost,wind_onshore,R2,0.9817,2026-09-26 14:53:44.030000+00:00
Prophet_Base_wind_offshore,Prophet_Base,wind_offshore,R2,-0.8434,2026-09-26 14:54:07.234000+00:00
Prophet_Base_wind_offshore,Prophet_Base,wind_offshore,MAE,1647.4567,2026-09-26 14:54:07.234000+00:00
Prophet_Base_wind_offshore,Prophet_Base,wind_offshore,RMSE,2001.4994,2026-09-26 14:54:07.234000+00:00
Prophet_Regressors_wind_offshore,Prophet_Regressors,wind_offshore,MAE,1241.3538,2026-09-26 14:54:07.742000+00:00
Prophet_Regressors_wind_offshore,Prophet_Regressors,wind_offshore,RMSE,1656.8719,2026-09-26 14:54:07.742000+00:00
Prophet_Regressors_wind_offshore,Prophet_Regressors,wind_offshore,R2,-0.2632,2026-09-26 14:54:07.742000+00:00
XGBoost_wind_offshore,XGBoost,wind_offshore,MAE,314.4109,2026-09-26 14:54:08.308000+00:00
XGBoost_wind_offshore,XGBoost,wind_offshore,RMSE,433.1137,2026-09-26 14:54:08.308000+00:00
XGBoost_wind_offshore,XGBoost,wind_offshore,R2,0.9137,2026-09-26 14:54:08.308000+00:00
Prophet_Base_solar,Prophet_Base,solar,MAE,5020.6471,2026-09-26 14:54:23.174000+00:00
Prophet_Base_solar,Prophet_Base,solar,RMSE,5782.6592,2026-09-26 14:54:23.174000+00:00
Prophet_Base_solar,Prophet_Base,solar,R2,0.8665,2026-09-26 14:54:23.174000+00:00
Prophet_Regressors_solar,Prophet_Regressors,solar,RMSE,3290.3094,2026-09-26 14:54:23.716000+00:00
Prophet_Regressors_solar,Prophet_Regressors,solar,MAE,2252.115,2026-09-26 14:54:23.716000+00:00
Prophet_Regressors_solar,Prophet_Regressors,solar,R2,0.9568,2026-09-26 14:54:23.716000+00:00
XGBoost_solar,XGBoost,solar,RMSE,1965.9918,2026-09-26 14:54:24.684000+00:00
XGBoost_solar,XGBoost,solar,MAE,1137.1296,2026-09-26 14:54:24.684000+00:00
XGBoost_solar,XGBoost,solar,R2,0.9846,2026-09-26 14:54:24.684000+00:00
