target,fold,mae_mw,rmse_mw,r2,train_size_hours,test_start,test_end,n_estimators,max_depth,learning_rate
wind_onshore,0,1913.1672,2930.4666,0.8965,2053,2026-08-29 13:00:00+00:00,2026-09-05 12:00:00+00:00,300,5,0.05
wind_onshore,1,951.592,1288.007,0.9703,2221,2026-09-05 13:00:00+00:00,2026-09-12 12:00:00+00:00,300,5,0.05
wind_onshore,2,676.4631,940.1083,0.9797,2389,2026-09-12 13:00:00+00:00,2026-09-19 12:00:00+00:00,300,5,0.05
wind_onshore,3,1020.6349,1500.0844,0.9817,2557,2026-09-19 13:00:00+00:00,2026-09-26 12:00:00+00:00,300,5,0.05
wind_offshore,0,418.2377,540.3755,0.7335,2053,2026-08-29 13:00:00+00:00,2026-09-05 12:00:00+00:00,300,3,0.05
wind_offshore,1,302.0865,399.9533,0.8676,2221,2026-09-05 13:00:00+00:00,2026-09-12 12:00:00+00:00,300,3,0.05
wind_offshore,2,274.5644,383.9497,0.9189,2389,2026-09-12 13:00:00+00:00,2026-09-19 12:00:00+00:00,300,3,0.05
wind_offshore,3,314.4109,433.1137,0.9137,2557,2026-09-19 13:00:00+00:00,2026-09-26 12:00:00+00:00,300,3,0.05
solar,0,1486.4581,2464.6162,0.9711,2053,2026-08-29 13:00:00+00:00,2026-09-05 12:00:00+00:00,300,5,0.05
solar,1,900.1578,1504.8116,0.9912,2221,2026-09-05 13:00:00+00:00,2026-09-12 12:00:00+00:00,300,5,0.05
solar,2,886.955,1571.8234,0.987,2389,2026-09-12 13:00:00+00:00,2026-09-19 12:00:00+00:00,300,5,0.05
solar,3,1137.1296,1965.9918,0.9846,2557,2026-09-19 13:00:00+00:00,2026-09-26 12:00:00+00:00,300,5,0.05
